{"solutions_list":[[56,35,60,67,215,73,251,115,112,185,86,168,207,263,242,183,224,177,12,75,23,111,264,41,68,77,172,71,66,103,280,59,208,26,211,116,100,79,230,279,195,141,278,135,138,222,276,46,57,152,247,170,238,250,72,258,184,252,1,137,22,154,206,270,33,40,113,231,245,254,165,142,5,55,114,265,136,117,45,145,282,275,158,218,176,28,148,92,36,118,162,7,25,95,203,232,93,18,240,147,157,16,19,44,266,31,146,74,61,29,212,228,159,193,226,101,105,223,17,271,166,89,198,214,80,51,246,143,48,15,97,134,110,30,6,234,219,272,182,164,153,186,253,64,267,90,139,4,13,104,52,179,43,11,69,171,85,39,216,108,156,2,10,27,261,144,273,257,200,20,187,213,9,189,227,109,161,249,241,88,209,236,260,24,8,37,83,190,201,99,281,14,174,269,268,32,197,233,196,262,151,239,54,191,91,62,205,244,150,58,199,173,188,277,98,235,204,76,34,50,243,194,167,42,87,248,140,202,169,180,255,160,49,106,94,225,102,70,21,229,38,163,192,221,53,47,175,178,96,149,155,181,65]],"etouchS_list":[[72,73,74,75,76,77,78,79,84,85,86,95,96,106,107,108,111,112,151,154,155,201,202,203,204,213,227,239,248,249,250,251,270,271,275,281,282,284,288,289,295,296,297,298,303,304,69,70,71,80,81,82,89,101,102,118,124,125,127,128,129,148,158,159,160,172,194,210,219,226,253,300,301,302,305,306,307,308,309,314,113,135,139,140,189,238,43,52,56,114,141,153,170,179,191,196,220,228,50,156,166,167,176,177,181,182,234,241,273,311,312,315,109,110,195,218,287,49,259,274,286,299,313,8,9,28,116,130,188,192,199,221,222,265,267,268,276,278,29,30,40,87,88,90,97,104,105,115,119,146,171,173,200,214,224,225,232,242,243,244,246,247,255,260,261,262,263,264,266,269,277,279,280,285,290,291,292,61,62,63,64,142,245,254,283,293,294,44,45,53,91,92,103,120,149,229,256,138,147,163,164,175,197,240,257,65,66,185,187,205,258,133,231,235,236,310,46,47,48,54,68,131,161,165,178,198,1,6,98,117,123,183,212,237,134,136,190,215,216,217,137,51,55,162,180,233,57,58,59,152,143,174,193,223,15,16,83,184,207,208,27,31,34,36,60,67,150,230,144,145,22,99,100,126,157,168,169,38,39,122,206,2,3,4,23,25,26,14,252,272,13,132,186,209,211,12,21,35,37,93,94,17,19,32,33,41,42,24,10,11,5,7,121,20,18]],"runtime_list":[0.05877089500427246],"datasize_list":[[315,282]],"obj_values_list":[1.233201581027668],"einS_list":[[72,73,74,75,76,77,78,84,85,86,95,96,108,111,112,151,201,202,203,204,227,239,251,270,271,275,281,282,284,288,289,295,296,297,298,304,69,70,71,80,81,82,89,101,102,118,124,125,127,128,129,148,158,159,160,172,194,226,253,300,301,302,305,306,307,308,309,314,113,135,139,140,189,238,43,52,56,141,153,170,191,196,220,228,50,156,166,167,177,181,182,273,311,312,315,109,110,195,287,49,259,274,286,299,8,9,28,116,130,188,192,199,221,222,265,267,268,276,278,29,30,40,87,88,90,97,104,105,115,119,146,171,173,200,214,224,225,242,243,244,246,247,255,260,261,262,263,264,266,269,277,279,280,285,290,291,292,61,62,63,64,142,245,254,283,293,294,44,45,53,91,92,103,120,149,229,256,138,147,163,164,175,197,240,257,65,66,185,187,205,258,133,231,235,236,310,46,47,48,54,68,131,161,165,178,198,1,6,98,117,183,134,136,190,215,216,217,137,51,55,162,180,233,57,58,59,143,174,193,223,15,16,83,184,207,208,27,31,34,36,60,67,150,230,144,145,22,99,100,126,157,168,169,38,39,122,206,2,3,4,23,25,26,14,252,272,13,132,186,209,12,21,35,37,93,94,17,19,32,33,41,42,24,10,11,5,7,20,18]],"mean_Horder_list":[17.168253968253968],"dataname_list":["senate-committees"]}