{"solutions_list":[[5,56,35,114,110,30,32,6,67,45,117,136,197,182,164,115,153,112,185,64,186,151,90,139,54,86,191,104,91,62,150,176,58,52,177,179,199,28,75,188,41,171,11,36,68,98,162,39,77,7,216,71,66,76,103,59,50,10,18,26,27,147,42,87,144,140,100,202,169,79,16,20,200,180,141,160,19,187,135,31,146,138,106,109,29,161,46,212,57,102,159,152,193,38,192,105,8,184,37,1,53,154,47,175,190,201,166,198,14,214,80,178,51,33,155,143,40,15,65,142,134]],"etouchS_list":[[109,110,123,126,134,135,136,137,138,157,163,164,165,166,167,183,184,189,190,206,207,208,209,211,215,216,217,235,238,239,240,241,275,300,301,302,305,306,307,308,309,310,311,314,72,73,74,75,76,77,78,79,84,85,86,95,96,106,107,108,111,112,151,154,155,201,202,203,204,213,227,248,249,250,251,270,271,281,282,284,288,289,295,296,297,298,303,304,69,70,71,80,81,82,89,101,102,118,124,125,127,128,129,148,158,159,160,172,194,210,219,226,253,44,45,53,54,139,140,144,145,171,173,174,188,192,193,197,199,200,221,222,265,267,268,269,279,87,88,97,115,119,242,243,261,276,278,287,293,294,31,34,35,38,83,91,92,93,94,131,152,161,178,179,198,218,246,247,252,262,263,264,266,272,277,280,312,315,32,33,41,42,98,117,15,16,39,191,212,220,237,43,52,56,114,141,153,170,196,228,103,104,116,120,149,229,230,231,254,256,257,273,274,283,55,68,133,162,176,180,223,233,286,299,313,142,185,236,290,291,292,143,224,225,244,8,9,28,130,29,30,67,187,258,259,40,90,105,146,214,232,255,260,285,61,62,63,64,177,245,57,58,59,60,147,175,195,182,186,156,17,18,99,100,113,168,46,47,48,19,150,169,10,11,12,132,65,13,181,234,3,4,5,7,49,50,24,26,37,122,205,1,2,27,36,6,22,20,21,23,25,51,66,14]],"runtime_list":[0.07402396202087402],"datasize_list":[[315,282]],"obj_values_list":[2.322314049586777],"einS_list":[[302,309,74,75,76,77,85,86,129,160,44,45,267,88,97,278,31,34,35,38,178,198,264,42,15,16,39,43,52,196,8,9,28,29,30,40,61,60,17,18,46,47,48,19,150,169,10,11,12,13,3,4,5,7,24,26,37,2,27,36,22,20,21,23,25]],"mean_Horder_list":[17.168253968253968],"dataname_list":["senate-committees"]}