{"solutions_list":[[4,56,66,80,97,155,161,185,196,239,240,242]],"etouchS_list":[[24,46,67,83,85,92,98,123,130,161,189,208,215,219,271,302,346,350,450,545,548,607,39,96,139,174,175,265,320,330,339,402,430,434,490,494,544,569,584,674,682,778,785,804,812,825,872,6,15,28,29,40,66,82,99,100,142,164,247,261,262,263,278,441,456,464,465,470,473,496,523,540,599,609,631,649,702,763,772,801,817,835,842,871,878,894,899,2,47,84,115,133,185,217,258,260,308,311,318,383,385,388,399,406,417,435,483,500,620,652,663,670,713,728,733,759,805,813,886,892,1,11,14,17,23,26,35,50,53,73,101,138,148,150,162,176,177,179,207,216,243,248,250,264,285,289,319,331,337,348,352,354,368,369,400,408,437,460,469,480,485,498,504,528,554,564,585,588,612,654,662,720,726,754,762,764,779,865,870,897,905,3,4,9,36,49,57,63,68,110,112,124,126,136,140,143,151,154,165,184,190,191,192,199,239,244,315,321,338,342,367,371,379,410,411,418,422,449,463,475,478,487,499,506,513,527,534,535,536,573,603,613,625,640,653,659,664,689,721,734,739,824,827,838,852,863,875,880,891,896,907,77,109,129,156,224,227,251,306,491,783,788,840,860,31,41,81,304,314,333,432,515,568,735,749,771,808,845,873,882,7,62,91,132,235,238,259,438,511,512,600,624,626,632,647,650,678,679,694,732,756,757,760,775,786,818,836,847,849,874,93,220,452,621,709,844,861,45,118,267,353,364,489,583,606,615,691,729,768,809,864,25,122,181,193,284,419,538,539,559,593,651,753,774,888]],"runtime_list":[0.008325386],"datasize_list":[[910,262]],"obj_values_list":[10.5],"einS_list":[[24,85,161,189,208,219,271,346,450,265,430,434,494,804,872,82,142,247,263,465,631,871,878,115,185,383,399,483,500,620,670,728,101,179,248,285,319,369,400,762,779,9,535,613,739,227,306,840,432,771,882,818,847,452]],"mean_Horder_list":[3.1131868131868132],"dataname_list":["trivago_125_lcc"]}