{"solutions_list":[[579,68,749,77,481,935,412,530,810,40,837,38,207,538]],"etouchS_list":[[9,38,39,40,41,42,43,48,49,50,54,55,59,60,61,75,76,155,168,177,184,302,308,310,312,313,315,320,321,323,325,326,5,6,7,10,11,18,19,20,21,22,23,24,45,46,52,53,64,83,112,293,296,304,314,316,318,324,13,106,107,138,143,147,152,153,203,240,298,301,309,337,339,25,56,69,103,105,109,111,113,124,4,8,12,145,274,295,322,328,330,332,333,334,335,336,340,51,89,90,193,195,280,281,285,289,2,14,200,215,236,237,238,244,250,251,258,259,260,264,266,268,292,317,329,63,66,92,142,150,151,163,164,165,166,169,178,179,180,181,186,187,194,199,249,176,188,62,211,220,224,242,243,253,270,272,273,327,229,277,311,319,331,338,197,228,265,271,282,93,94,95,104,108,149,174,175,183,254,141,148,255]],"runtime_list":[0.39073801040649414],"datasize_list":[[340,1290]],"obj_values_list":[2.2857142857142856],"einS_list":[[13,14]],"mean_Horder_list":[34.82941176470588],"dataname_list":["house-committees"]}