{"solutions_list":[[20,30,28,154,6,31,98,14,112,77,33,143,57,15,65,86,18,134]],"etouchS_list":[[18,20,22,24,26,31,42,74,75,76,77,78,79,85,86,98,99,100,111,112,117,131,150,168,169,178,198,202,203,249,250,251,270,271,282,293,294,300,301,302,305,306,307,308,309,310,314,34,35,38,70,71,80,81,82,83,89,91,92,93,94,102,134,136,152,161,179,190,215,216,217,218,239,240,242,243,246,247,252,261,262,263,264,266,272,275,277,280,287,311,312,315,3,4,5,7,8,9,10,11,28,39,44,45,113,139,140,146,171,172,173,196,213,214,224,244,12,13,14,21,23,25,27,36,37,51,55,62,63,128,129,130,132,133,158,159,160,162,186,192,210,228,229,230,231,254,256,257,258,265,267,268,276,278,283,290,291,15,16,87,123,126,157,183,184,191,206,207,208,209,211,212,219,220,221,222,237,17,88,90,97,104,105,115,116,119,124,125,127,144,145,187,269,29,30,40,109,122,141,170,205,232,253,255,292,19,41,73,101,108,148,149,185,235,236,199,200,225,226,260,273,274,279,284,285,69,175,197,313,32,33,52,103,114,118,120,177,204,1,2,227,248,43,110,147,153,174,176,195,245,53,154,155,188,281,288,289,295,298,303,46,47,48,49,50,54,151,201]],"runtime_list":[0.07989501953125],"datasize_list":[[315,282]],"obj_values_list":[12.222222222222221],"einS_list":[[23,25]],"mean_Horder_list":[17.168253968253968],"dataname_list":["senate-committees"]}