{"solutions_list":[[77,481,935,68,38,412,530,810,538,579]],"etouchS_list":[[18,19,20,22,23,24,25,45,46,56,69,103,105,109,111,113,124,293,296,304,314,318,4,5,7,8,10,12,21,52,53,54,55,64,83,145,274,295,322,328,330,332,333,334,335,336,340,38,39,40,42,43,49,50,51,59,60,61,76,89,90,193,195,280,281,285,289,6,11,112,316,324,197,228,236,237,242,243,258,259,265,270,271,282,2,13,14,48,75,200,215,238,244,250,251,260,264,266,268,292,317,329,337,339,63,66,92,142,143,150,151,152,163,164,165,166,169,178,179,180,181,186,187,194,199,249,41,153,176,188,9,141,148,155,168,177,184,255,302,308,310,312,313,315,320,321,323,325,326]],"runtime_list":[0.43858814239501953],"datasize_list":[[340,1290]],"obj_values_list":[7.7],"einS_list":[[14]],"mean_Horder_list":[34.82941176470588],"dataname_list":["house-committees"]}