{"solutions_list":[[10,28,38,43,52,56,59,66,67,80,97,146,155,161,171,179,185,196,234,239,240,242]],"etouchS_list":[[25,143,252,253,317,385,418,441,451,455,458,468,484,508,514,540,548,554,622,636,677,726,741,798,848,865,910,20,21,61,84,118,122,164,172,255,266,288,323,332,355,374,422,438,447,448,497,513,536,549,566,574,580,583,585,595,658,667,676,698,703,714,715,737,760,800,811,852,863,887,904,124,151,204,235,257,291,336,429,502,515,526,573,590,594,647,656,662,674,691,784,892,4,14,75,110,123,229,239,280,292,303,384,425,471,473,477,498,522,527,552,555,559,563,591,596,601,661,701,869,880,895,901,902,905,909,47,76,86,112,136,162,205,238,299,325,459,470,518,556,603,646,652,686,733,802,806,813,819,857,876,903,39,96,139,174,175,219,265,271,320,330,339,402,430,434,490,494,544,569,584,682,778,785,804,812,825,872,93,135,146,147,148,150,309,327,337,347,389,491,503,516,694,719,722,738,772,783,788,816,835,841,873,6,15,28,29,40,46,66,82,92,99,100,142,247,261,262,263,278,302,456,464,465,496,523,545,599,609,631,649,702,763,801,817,842,871,878,894,899,3,12,18,71,91,140,149,154,186,225,287,379,390,480,506,562,606,608,684,729,744,749,803,823,827,891,2,115,133,185,217,258,260,308,311,318,383,388,399,406,417,435,483,500,620,663,670,713,728,759,805,886,1,11,17,23,26,35,50,53,73,101,138,176,177,179,207,216,243,248,250,264,285,289,319,331,348,352,354,368,369,400,408,437,460,469,485,504,528,564,588,607,612,654,720,754,762,764,779,870,897,8,32,49,109,111,119,121,159,184,194,199,245,269,275,296,313,321,349,353,362,394,404,411,421,493,517,537,616,624,629,690,695,790,810,838,844,853,859,877,9,36,57,63,68,126,165,190,191,192,244,315,338,342,367,371,410,449,463,475,478,487,499,534,535,613,625,640,653,659,664,689,721,734,739,824,875,896,907,77,129,156,189,208,224,227,251,306,450,840,860,30,33,44,94,152,234,236,237,240,305,340,351,395,403,436,551,605,628,645,675,700,705,709,723,807,80,167,196,307,439,501,587,597,731,774,776,793,833,31,41,81,130,161,304,314,333,346,432,568,735,771,808,845,882,7,62,132,259,511,512,600,626,632,650,678,679,732,756,757,775,786,818,836,847,849,874,37,358,360,377,405,427,492,530,643,706,858,884,85,98,220,452,621,861,45,267,364,489,615,768,809,864,24,181,193,284,419,538,539,593,651,753,888]],"runtime_list":[0.022881174],"datasize_list":[[910,262]],"obj_values_list":[11.090909090909092],"einS_list":[[143,252,441,451,458,540,636,677,741,848,266,332,566,737,852,863,124,235,674,691,892,14,552,661,47,325,174,265,430,434,494,804,872,148,150,694,722,783,873,40,82,142,247,263,465,631,871,878,154,506,729,115,185,383,399,483,500,620,670,728,101,138,179,216,248,285,319,369,400,762,779,8,109,353,411,624,9,63,535,613,739,77,129,227,306,840,709,774,432,771,882,818,847,452]],"mean_Horder_list":[3.1131868131868132],"dataname_list":["trivago_125_lcc"]}