{"solutions_list":[[56,20,30,28,1,154,6,68,31,98,146,14,153,112,77,33,71,66,139,143,57,15,54,65,86,18,134]],"etouchS_list":[[72,73,74,75,76,77,78,79,84,85,86,95,96,106,107,108,111,112,151,154,155,201,202,203,204,213,227,239,248,249,250,251,270,271,275,281,282,284,288,289,295,296,297,298,303,304,18,20,22,24,26,31,42,98,99,100,117,131,150,168,169,178,198,293,294,300,301,302,305,306,307,308,309,310,314,34,35,38,70,71,80,81,82,83,89,91,92,93,94,102,134,136,152,161,179,190,215,216,217,218,240,242,243,246,247,252,261,262,263,264,266,272,277,280,287,311,312,315,3,4,5,7,8,9,10,11,28,39,44,45,113,139,140,146,171,172,173,196,214,224,244,13,14,51,123,124,125,126,127,128,129,130,132,133,157,158,159,160,162,183,184,185,186,187,206,207,208,209,210,211,235,236,12,21,23,25,27,36,37,55,62,63,192,228,229,230,231,254,256,257,258,265,267,268,276,278,283,290,291,15,16,87,191,212,219,220,221,222,237,46,47,48,49,54,142,143,147,153,174,175,176,177,180,181,193,194,197,223,245,313,17,88,90,97,104,105,115,116,119,144,145,269,29,30,40,109,122,141,170,205,232,253,255,292,58,59,60,61,67,233,279,285,19,41,101,148,149,137,163,164,259,199,200,225,226,260,273,274,69,32,33,52,103,114,118,120,56,57,135,189,238,138,165,166,167,195,241,156,182,1,2,43,110,53,188,50]],"runtime_list":[0.2033400535583496],"datasize_list":[[315,282]],"obj_values_list":[21.882082141851818],"einS_list":[[23,25,27,36]],"mean_Horder_list":[17.168253968253968],"dataname_list":["senate-committees"]}