{"solutions_list":[[579,68,749,77,481,935,412,530,810,38,236,538]],"etouchS_list":[[9,38,39,40,41,42,43,48,49,50,54,55,59,60,61,75,76,155,168,177,184,302,308,310,312,313,315,320,321,323,325,326,5,6,7,10,11,18,19,20,21,22,23,24,45,46,52,53,64,83,112,293,296,304,314,316,318,324,13,106,107,138,143,147,152,153,203,240,298,301,309,337,339,25,56,69,103,105,109,111,113,124,4,8,12,145,274,295,322,328,330,332,333,334,335,336,340,51,89,90,193,195,280,281,285,289,2,14,200,215,236,237,238,244,250,251,258,259,260,264,266,268,292,317,329,63,66,92,142,150,151,163,164,165,166,169,178,179,180,181,186,187,194,199,249,176,188,197,228,242,243,265,270,271,282,68,70,133,144,209,210,212,141,148,255]],"runtime_list":[0.9752500057220459],"datasize_list":[[340,1290]],"obj_values_list":[13.602722949166669],"einS_list":[[13,14]],"mean_Horder_list":[34.82941176470588],"dataname_list":["house-committees"]}