{"solutions_list":[[97,155]],"etouchS_list":[[1,11,14,17,23,26,29,35,50,53,66,73,101,123,138,139,148,150,162,174,176,177,179,207,216,243,247,248,250,263,264,285,289,318,319,331,337,348,352,354,368,369,400,406,408,437,456,460,469,480,485,490,498,500,504,523,528,554,564,569,585,588,607,612,631,654,662,720,726,754,762,764,772,779,865,870,878,897,905,3,4,9,36,49,57,63,68,110,112,124,126,136,140,143,151,154,165,184,185,190,191,192,199,239,244,311,315,321,338,342,367,371,379,399,410,411,418,422,449,463,475,478,483,487,499,506,513,527,534,535,536,573,603,613,625,640,653,659,664,670,689,721,728,734,739,824,827,838,852,863,875,880,886,891,896,907]],"runtime_list":[0.022170703],"datasize_list":[[910,262]],"obj_values_list":[31.10453600000002],"einS_list":[[101,400]],"mean_Horder_list":[3.1131868131868132],"dataname_list":["trivago_125_lcc"]}