{"solutions_list":[[155]],"etouchS_list":[[3,4,9,17,23,35,36,49,57,63,68,101,110,112,124,126,136,140,143,151,154,165,184,185,190,191,192,199,207,239,244,311,315,321,338,342,367,371,379,399,400,410,411,418,422,449,463,475,478,483,487,498,499,500,506,513,527,534,535,536,573,603,613,625,640,653,659,664,670,689,721,728,734,739,764,824,827,838,852,863,875,880,886,891,896,907]],"runtime_list":[0.070474],"datasize_list":[[910,262]],"obj_values_list":[29.502396214896205],"einS_list":[[]],"mean_Horder_list":[3.1131868131868132],"dataname_list":["trivago_125_lcc"]}