{"solutions_list":[[110,950,324,530,674,207,422,506,437,599,361,68,39,883,77,216,549,810,935,643,837,654,414,652,696,278,807,749,644,481,412,424,580,38,440,360,101,438,399,579,768,426,691,738,588,686,354,314,40,245,538]],"etouchS_list":[[11,231,293,296,304,314,316,318,324,42,60,61,76,131,161,162,171,182,202,337,10,12,52,83,91,112,211,213,227,235,253,256,272,13,14,38,39,40,49,51,55,59,63,66,75,89,90,92,142,143,150,151,152,163,164,165,166,169,178,179,180,181,186,187,193,194,199,215,244,249,260,264,266,268,9,53,54,95,104,108,174,183,8,21,64,93,94,149,175,254,292,35,69,103,157,158,159,160,172,173,7,214,224,225,236,239,245,248,255,258,278,283,291,303,327,31,32,36,37,6,196,212,220,267,288,297,26,27,29,5,18,19,20,22,23,24,45,46,65,84,242,243,265,270,317,329,335,336,135,140,277,280,281,285,289,300,25,56,105,109,111,113,124,28,209,117,121,261,276,279,294,299,41,153,176,188,195,43,50,2,77,106,107,191,302,312,313,48,229,311,319,331,338,78,295,298,301,305,306,307,309,328,330,332,333,334,339,340,96,148,155,177,184,240,67,197,154,167,205,257,138,147,203,310,325,47,57,62,70,71,86,4,145,274,322,200,237,238,250,251,259,308,228,271,282,33,34,44,136,168,315,320,321,323,326,3,198,15,16,17,30,139,146,156,185,192,206,170,189,190,204,208,201,262,275,273,85,141]],"runtime_list":[0.5044360160827637],"datasize_list":[[340,1290]],"obj_values_list":[0.8235294117647058],"einS_list":[[11,42,10,12,52,13,14,38,39,40,55,59,75,9,53,54,8,21,64,35,7,31,32,36,6,26,27,18,19,20,22,23,24,45,46,25,28,41,2,48,33,34]],"mean_Horder_list":[34.82941176470588],"dataname_list":["house-committees"]}